kmer_index,kmer
0,AAAAAA
1,AAAAAC
2,AAAAAG
3,AAAAAT
4,AAAACA
5,AAAACC
6,AAAACG
7,AAAACT
8,AAAAGA
9,AAAAGC
10,AAAAGG
11,AAAAGT
12,AAAATA
13,AAAATC
14,AAAATG
15,AAAATT
16,AAACAA
17,AAACAC
18,AAACAG
19,AAACAT
20,AAACCA
21,AAACCC
22,AAACCG
23,AAACCT
24,AAACGA
25,AAACGC
26,AAACGG
27,AAACGT
28,AAACTA
29,AAACTC
30,AAACTG
31,AAACTT
32,AAAGAA
33,AAAGAC
34,AAAGAG
35,AAAGAT
36,AAAGCA
37,AAAGCC
38,AAAGCG
39,AAAGCT
40,AAAGGA
41,AAAGGC
42,AAAGGG
43,AAAGGT
44,AAAGTA
45,AAAGTC
46,AAAGTG
47,AAAGTT
48,AAATAA
49,AAATAC
50,AAATAG
51,AAATAT
52,AAATCA
53,AAATCC
54,AAATCG
55,AAATCT
56,AAATGA
57,AAATGC
58,AAATGG
59,AAATGT
60,AAATTA
61,AAATTC
62,AAATTG
63,AAATTT
64,AACAAA
65,AACAAC
66,AACAAG
67,AACAAT
68,AACACA
69,AACACC
70,AACACG
71,AACACT
72,AACAGA
73,AACAGC
74,AACAGG
75,AACAGT
76,AACATA
77,AACATC
78,AACATG
79,AACATT
80,AACCAA
81,AACCAC
82,AACCAG
83,AACCAT
84,AACCCA
85,AACCCC
86,AACCCG
87,AACCCT
88,AACCGA
89,AACCGC
90,AACCGG
91,AACCGT
92,AACCTA
93,AACCTC
94,AACCTG
95,AACCTT
96,AACGAA
97,AACGAC
98,AACGAG
99,AACGAT
100,AACGCA
101,AACGCC
102,AACGCG
103,AACGCT
104,AACGGA
105,AACGGC
106,AACGGG
107,AACGGT
108,AACGTA
109,AACGTC
110,AACGTG
111,AACGTT
112,AACTAA
113,AACTAC
114,AACTAG
115,AACTAT
116,AACTCA
117,AACTCC
118,AACTCG
119,AACTCT
120,AACTGA
121,AACTGC
122,AACTGG
123,AACTGT
124,AACTTA
125,AACTTC
126,AACTTG
127,AAGAAA
128,AAGAAC
129,AAGAAG
130,AAGAAT
131,AAGACA
132,AAGACC
133,AAGACG
134,AAGACT
135,AAGAGA
136,AAGAGC
137,AAGAGG
138,AAGAGT
139,AAGATA
140,AAGATC
141,AAGATG
142,AAGATT
143,AAGCAA
144,AAGCAC
145,AAGCAG
146,AAGCAT
147,AAGCCA
148,AAGCCC
149,AAGCCG
150,AAGCCT
151,AAGCGA
152,AAGCGC
153,AAGCGG
154,AAGCGT
155,AAGCTA
156,AAGCTC
157,AAGCTG
158,AAGCTT
159,AAGGAA
160,AAGGAC
161,AAGGAG
162,AAGGAT
163,AAGGCA
164,AAGGCC
165,AAGGCG
166,AAGGCT
167,AAGGGA
168,AAGGGC
169,AAGGGG
170,AAGGGT
171,AAGGTA
172,AAGGTC
173,AAGGTG
174,AAGTAA
175,AAGTAC
176,AAGTAG
177,AAGTAT
178,AAGTCA
179,AAGTCC
180,AAGTCG
181,AAGTCT
182,AAGTGA
183,AAGTGC
184,AAGTGG
185,AAGTGT
186,AAGTTA
187,AAGTTC
188,AAGTTG
189,AATAAA
190,AATAAC
191,AATAAG
192,AATAAT
193,AATACA
194,AATACC
195,AATACG
196,AATACT
197,AATAGA
198,AATAGC
199,AATAGG
200,AATAGT
201,AATATA
202,AATATC
203,AATATG
204,AATATT
205,AATCAA
206,AATCAC
207,AATCAG
208,AATCAT
209,AATCCA
210,AATCCC
211,AATCCG
212,AATCCT
213,AATCGA
214,AATCGC
215,AATCGG
216,AATCGT
217,AATCTA
218,AATCTC
219,AATCTG
220,AATGAA
221,AATGAC
222,AATGAG
223,AATGAT
224,AATGCA
225,AATGCC
226,AATGCG
227,AATGCT
228,AATGGA
229,AATGGC
230,AATGGG
231,AATGGT
232,AATGTA
233,AATGTC
234,AATGTG
235,AATTAA
236,AATTAC
237,AATTAG
238,AATTAT
239,AATTCA
240,AATTCC
241,AATTCG
242,AATTCT
243,AATTGA
244,AATTGC
245,AATTGG
246,AATTGT
247,AATTTA
248,AATTTC
249,AATTTG
250,ACAAAA
251,ACAAAC
252,ACAAAG
253,ACAAAT
254,ACAACA
255,ACAACC
256,ACAACG
257,ACAACT
258,ACAAGA
259,ACAAGC
260,ACAAGG
261,ACAAGT
262,ACAATA
263,ACAATC
264,ACAATG
265,ACACAA
266,ACACAC
267,ACACAG
268,ACACAT
269,ACACCA
270,ACACCC
271,ACACCG
272,ACACCT
273,ACACGA
274,ACACGC
275,ACACGG
276,ACACGT
277,ACACTA
278,ACACTC
279,ACACTG
280,ACAGAA
281,ACAGAC
282,ACAGAG
283,ACAGAT
284,ACAGCA
285,ACAGCC
286,ACAGCG
287,ACAGCT
288,ACAGGA
289,ACAGGC
290,ACAGGG
291,ACAGGT
292,ACAGTA
293,ACAGTC
294,ACAGTG
295,ACATAA
296,ACATAC
297,ACATAG
298,ACATAT
299,ACATCA
300,ACATCC
301,ACATCG
302,ACATCT
303,ACATGA
304,ACATGC
305,ACATGG
306,ACATGT
307,ACATTA
308,ACATTC
309,ACATTG
310,ACCAAA
311,ACCAAC
312,ACCAAG
313,ACCAAT
314,ACCACA
315,ACCACC
316,ACCACG
317,ACCACT
318,ACCAGA
319,ACCAGC
320,ACCAGG
321,ACCAGT
322,ACCATA
323,ACCATC
324,ACCATG
325,ACCCAA
326,ACCCAC
327,ACCCAG
328,ACCCAT
329,ACCCCA
330,ACCCCC
331,ACCCCG
332,ACCCCT
333,ACCCGA
334,ACCCGC
335,ACCCGG
336,ACCCGT
337,ACCCTA
338,ACCCTC
339,ACCCTG
340,ACCGAA
341,ACCGAC
342,ACCGAG
343,ACCGAT
344,ACCGCA
345,ACCGCC
346,ACCGCG
347,ACCGCT
348,ACCGGA
349,ACCGGC
350,ACCGGG
351,ACCGGT
352,ACCGTA
353,ACCGTC
354,ACCGTG
355,ACCTAA
356,ACCTAC
357,ACCTAG
358,ACCTAT
359,ACCTCA
360,ACCTCC
361,ACCTCG
362,ACCTCT
363,ACCTGA
364,ACCTGC
365,ACCTGG
366,ACCTTA
367,ACCTTC
368,ACCTTG
369,ACGAAA
370,ACGAAC
371,ACGAAG
372,ACGAAT
373,ACGACA
374,ACGACC
375,ACGACG
376,ACGACT
377,ACGAGA
378,ACGAGC
379,ACGAGG
380,ACGAGT
381,ACGATA
382,ACGATC
383,ACGATG
384,ACGCAA
385,ACGCAC
386,ACGCAG
387,ACGCAT
388,ACGCCA
389,ACGCCC
390,ACGCCG
391,ACGCCT
392,ACGCGA
393,ACGCGC
394,ACGCGG
395,ACGCGT
396,ACGCTA
397,ACGCTC
398,ACGCTG
399,ACGGAA
400,ACGGAC
401,ACGGAG
402,ACGGAT
403,ACGGCA
404,ACGGCC
405,ACGGCG
406,ACGGCT
407,ACGGGA
408,ACGGGC
409,ACGGGG
410,ACGGTA
411,ACGGTC
412,ACGGTG
413,ACGTAA
414,ACGTAC
415,ACGTAG
416,ACGTAT
417,ACGTCA
418,ACGTCC
419,ACGTCG
420,ACGTCT
421,ACGTGA
422,ACGTGC
423,ACGTGG
424,ACGTTA
425,ACGTTC
426,ACGTTG
427,ACTAAA
428,ACTAAC
429,ACTAAG
430,ACTAAT
431,ACTACA
432,ACTACC
433,ACTACG
434,ACTACT
435,ACTAGA
436,ACTAGC
437,ACTAGG
438,ACTAGT
439,ACTATA
440,ACTATC
441,ACTATG
442,ACTCAA
443,ACTCAC
444,ACTCAG
445,ACTCAT
446,ACTCCA
447,ACTCCC
448,ACTCCG
449,ACTCCT
450,ACTCGA
451,ACTCGC
452,ACTCGG
453,ACTCTA
454,ACTCTC
455,ACTCTG
456,ACTGAA
457,ACTGAC
458,ACTGAG
459,ACTGAT
460,ACTGCA
461,ACTGCC
462,ACTGCG
463,ACTGCT
464,ACTGGA
465,ACTGGC
466,ACTGGG
467,ACTGTA
468,ACTGTC
469,ACTGTG
470,ACTTAA
471,ACTTAC
472,ACTTAG
473,ACTTAT
474,ACTTCA
475,ACTTCC
476,ACTTCG
477,ACTTCT
478,ACTTGA
479,ACTTGC
480,ACTTGG
481,ACTTTA
482,ACTTTC
483,ACTTTG
484,AGAAAA
485,AGAAAC
486,AGAAAG
487,AGAAAT
488,AGAACA
489,AGAACC
490,AGAACG
491,AGAACT
492,AGAAGA
493,AGAAGC
494,AGAAGG
495,AGAATA
496,AGAATC
497,AGAATG
498,AGACAA
499,AGACAC
500,AGACAG
501,AGACAT
502,AGACCA
503,AGACCC
504,AGACCG
505,AGACCT
506,AGACGA
507,AGACGC
508,AGACGG
509,AGACTA
510,AGACTC
511,AGACTG
512,AGAGAA
513,AGAGAC
514,AGAGAG
515,AGAGAT
516,AGAGCA
517,AGAGCC
518,AGAGCG
519,AGAGCT
520,AGAGGA
521,AGAGGC
522,AGAGGG
523,AGAGTA
524,AGAGTC
525,AGAGTG
526,AGATAA
527,AGATAC
528,AGATAG
529,AGATAT
530,AGATCA
531,AGATCC
532,AGATCG
533,AGATCT
534,AGATGA
535,AGATGC
536,AGATGG
537,AGATTA
538,AGATTC
539,AGATTG
540,AGCAAA
541,AGCAAC
542,AGCAAG
543,AGCAAT
544,AGCACA
545,AGCACC
546,AGCACG
547,AGCACT
548,AGCAGA
549,AGCAGC
550,AGCAGG
551,AGCATA
552,AGCATC
553,AGCATG
554,AGCCAA
555,AGCCAC
556,AGCCAG
557,AGCCAT
558,AGCCCA
559,AGCCCC
560,AGCCCG
561,AGCCCT
562,AGCCGA
563,AGCCGC
564,AGCCGG
565,AGCCTA
566,AGCCTC
567,AGCCTG
568,AGCGAA
569,AGCGAC
570,AGCGAG
571,AGCGAT
572,AGCGCA
573,AGCGCC
574,AGCGCG
575,AGCGCT
576,AGCGGA
577,AGCGGC
578,AGCGGG
579,AGCGTA
580,AGCGTC
581,AGCGTG
582,AGCTAA
583,AGCTAC
584,AGCTAG
585,AGCTAT
586,AGCTCA
587,AGCTCC
588,AGCTCG
589,AGCTGA
590,AGCTGC
591,AGCTGG
592,AGCTTA
593,AGCTTC
594,AGCTTG
595,AGGAAA
596,AGGAAC
597,AGGAAG
598,AGGAAT
599,AGGACA
600,AGGACC
601,AGGACG
602,AGGACT
603,AGGAGA
604,AGGAGC
605,AGGAGG
606,AGGATA
607,AGGATC
608,AGGATG
609,AGGCAA
610,AGGCAC
611,AGGCAG
612,AGGCAT
613,AGGCCA
614,AGGCCC
615,AGGCCG
616,AGGCCT
617,AGGCGA
618,AGGCGC
619,AGGCGG
620,AGGCTA
621,AGGCTC
622,AGGCTG
623,AGGGAA
624,AGGGAC
625,AGGGAG
626,AGGGAT
627,AGGGCA
628,AGGGCC
629,AGGGCG
630,AGGGGA
631,AGGGGC
632,AGGGGG
633,AGGGTA
634,AGGGTC
635,AGGGTG
636,AGGTAA
637,AGGTAC
638,AGGTAG
639,AGGTAT
640,AGGTCA
641,AGGTCC
642,AGGTCG
643,AGGTGA
644,AGGTGC
645,AGGTGG
646,AGGTTA
647,AGGTTC
648,AGGTTG
649,AGTAAA
650,AGTAAC
651,AGTAAG
652,AGTAAT
653,AGTACA
654,AGTACC
655,AGTACG
656,AGTACT
657,AGTAGA
658,AGTAGC
659,AGTAGG
660,AGTATA
661,AGTATC
662,AGTATG
663,AGTCAA
664,AGTCAC
665,AGTCAG
666,AGTCAT
667,AGTCCA
668,AGTCCC
669,AGTCCG
670,AGTCGA
671,AGTCGC
672,AGTCGG
673,AGTCTA
674,AGTCTC
675,AGTCTG
676,AGTGAA
677,AGTGAC
678,AGTGAG
679,AGTGAT
680,AGTGCA
681,AGTGCC
682,AGTGCG
683,AGTGGA
684,AGTGGC
685,AGTGGG
686,AGTGTA
687,AGTGTC
688,AGTGTG
689,AGTTAA
690,AGTTAC
691,AGTTAG
692,AGTTAT
693,AGTTCA
694,AGTTCC
695,AGTTCG
696,AGTTGA
697,AGTTGC
698,AGTTGG
699,AGTTTA
700,AGTTTC
701,AGTTTG
702,ATAAAA
703,ATAAAC
704,ATAAAG
705,ATAAAT
706,ATAACA
707,ATAACC
708,ATAACG
709,ATAAGA
710,ATAAGC
711,ATAAGG
712,ATAATA
713,ATAATC
714,ATAATG
715,ATACAA
716,ATACAC
717,ATACAG
718,ATACAT
719,ATACCA
720,ATACCC
721,ATACCG
722,ATACGA
723,ATACGC
724,ATACGG
725,ATACTA
726,ATACTC
727,ATACTG
728,ATAGAA
729,ATAGAC
730,ATAGAG
731,ATAGAT
732,ATAGCA
733,ATAGCC
734,ATAGCG
735,ATAGGA
736,ATAGGC
737,ATAGGG
738,ATAGTA
739,ATAGTC
740,ATAGTG
741,ATATAA
742,ATATAC
743,ATATAG
744,ATATAT
745,ATATCA
746,ATATCC
747,ATATCG
748,ATATGA
749,ATATGC
750,ATATGG
751,ATATTA
752,ATATTC
753,ATATTG
754,ATCAAA
755,ATCAAC
756,ATCAAG
757,ATCAAT
758,ATCACA
759,ATCACC
760,ATCACG
761,ATCAGA
762,ATCAGC
763,ATCAGG
764,ATCATA
765,ATCATC
766,ATCATG
767,ATCCAA
768,ATCCAC
769,ATCCAG
770,ATCCAT
771,ATCCCA
772,ATCCCC
773,ATCCCG
774,ATCCGA
775,ATCCGC
776,ATCCGG
777,ATCCTA
778,ATCCTC
779,ATCCTG
780,ATCGAA
781,ATCGAC
782,ATCGAG
783,ATCGAT
784,ATCGCA
785,ATCGCC
786,ATCGCG
787,ATCGGA
788,ATCGGC
789,ATCGGG
790,ATCGTA
791,ATCGTC
792,ATCGTG
793,ATCTAA
794,ATCTAC
795,ATCTAG
796,ATCTCA
797,ATCTCC
798,ATCTCG
799,ATCTGA
800,ATCTGC
801,ATCTGG
802,ATCTTA
803,ATCTTC
804,ATCTTG
805,ATGAAA
806,ATGAAC
807,ATGAAG
808,ATGAAT
809,ATGACA
810,ATGACC
811,ATGACG
812,ATGAGA
813,ATGAGC
814,ATGAGG
815,ATGATA
816,ATGATC
817,ATGATG
818,ATGCAA
819,ATGCAC
820,ATGCAG
821,ATGCAT
822,ATGCCA
823,ATGCCC
824,ATGCCG
825,ATGCGA
826,ATGCGC
827,ATGCGG
828,ATGCTA
829,ATGCTC
830,ATGCTG
831,ATGGAA
832,ATGGAC
833,ATGGAG
834,ATGGCA
835,ATGGCC
836,ATGGCG
837,ATGGGA
838,ATGGGC
839,ATGGGG
840,ATGGTA
841,ATGGTC
842,ATGGTG
843,ATGTAA
844,ATGTAC
845,ATGTAG
846,ATGTCA
847,ATGTCC
848,ATGTCG
849,ATGTGA
850,ATGTGC
851,ATGTGG
852,ATGTTA
853,ATGTTC
854,ATGTTG
855,ATTAAA
856,ATTAAC
857,ATTAAG
858,ATTAAT
859,ATTACA
860,ATTACC
861,ATTACG
862,ATTAGA
863,ATTAGC
864,ATTAGG
865,ATTATA
866,ATTATC
867,ATTATG
868,ATTCAA
869,ATTCAC
870,ATTCAG
871,ATTCCA
872,ATTCCC
873,ATTCCG
874,ATTCGA
875,ATTCGC
876,ATTCGG
877,ATTCTA
878,ATTCTC
879,ATTCTG
880,ATTGAA
881,ATTGAC
882,ATTGAG
883,ATTGCA
884,ATTGCC
885,ATTGCG
886,ATTGGA
887,ATTGGC
888,ATTGGG
889,ATTGTA
890,ATTGTC
891,ATTGTG
892,ATTTAA
893,ATTTAC
894,ATTTAG
895,ATTTCA
896,ATTTCC
897,ATTTCG
898,ATTTGA
899,ATTTGC
900,ATTTGG
901,ATTTTA
902,ATTTTC
903,ATTTTG
904,CAAAAA
905,CAAAAC
906,CAAAAG
907,CAAACA
908,CAAACC
909,CAAACG
910,CAAAGA
911,CAAAGC
912,CAAAGG
913,CAAATA
914,CAAATC
915,CAAATG
916,CAACAA
917,CAACAC
918,CAACAG
919,CAACCA
920,CAACCC
921,CAACCG
922,CAACGA
923,CAACGC
924,CAACGG
925,CAACTA
926,CAACTC
927,CAACTG
928,CAAGAA
929,CAAGAC
930,CAAGAG
931,CAAGCA
932,CAAGCC
933,CAAGCG
934,CAAGGA
935,CAAGGC
936,CAAGGG
937,CAAGTA
938,CAAGTC
939,CAAGTG
940,CAATAA
941,CAATAC
942,CAATAG
943,CAATCA
944,CAATCC
945,CAATCG
946,CAATGA
947,CAATGC
948,CAATGG
949,CAATTA
950,CAATTC
951,CAATTG
952,CACAAA
953,CACAAC
954,CACAAG
955,CACACA
956,CACACC
957,CACACG
958,CACAGA
959,CACAGC
960,CACAGG
961,CACATA
962,CACATC
963,CACATG
964,CACCAA
965,CACCAC
966,CACCAG
967,CACCCA
968,CACCCC
969,CACCCG
970,CACCGA
971,CACCGC
972,CACCGG
973,CACCTA
974,CACCTC
975,CACCTG
976,CACGAA
977,CACGAC
978,CACGAG
979,CACGCA
980,CACGCC
981,CACGCG
982,CACGGA
983,CACGGC
984,CACGGG
985,CACGTA
986,CACGTC
987,CACGTG
988,CACTAA
989,CACTAC
990,CACTAG
991,CACTCA
992,CACTCC
993,CACTCG
994,CACTGA
995,CACTGC
996,CACTGG
997,CACTTA
998,CACTTC
999,CAGAAA
1000,CAGAAC
1001,CAGAAG
1002,CAGACA
1003,CAGACC
1004,CAGACG
1005,CAGAGA
1006,CAGAGC
1007,CAGAGG
1008,CAGATA
1009,CAGATC
1010,CAGATG
1011,CAGCAA
1012,CAGCAC
1013,CAGCAG
1014,CAGCCA
1015,CAGCCC
1016,CAGCCG
1017,CAGCGA
1018,CAGCGC
1019,CAGCGG
1020,CAGCTA
1021,CAGCTC
1022,CAGCTG
1023,CAGGAA
1024,CAGGAC
1025,CAGGAG
1026,CAGGCA
1027,CAGGCC
1028,CAGGCG
1029,CAGGGA
1030,CAGGGC
1031,CAGGGG
1032,CAGGTA
1033,CAGGTC
1034,CAGTAA
1035,CAGTAC
1036,CAGTAG
1037,CAGTCA
1038,CAGTCC
1039,CAGTCG
1040,CAGTGA
1041,CAGTGC
1042,CAGTGG
1043,CAGTTA
1044,CAGTTC
1045,CATAAA
1046,CATAAC
1047,CATAAG
1048,CATACA
1049,CATACC
1050,CATACG
1051,CATAGA
1052,CATAGC
1053,CATAGG
1054,CATATA
1055,CATATC
1056,CATATG
1057,CATCAA
1058,CATCAC
1059,CATCAG
1060,CATCCA
1061,CATCCC
1062,CATCCG
1063,CATCGA
1064,CATCGC
1065,CATCGG
1066,CATCTA
1067,CATCTC
1068,CATGAA
1069,CATGAC
1070,CATGAG
1071,CATGCA
1072,CATGCC
1073,CATGCG
1074,CATGGA
1075,CATGGC
1076,CATGGG
1077,CATGTA
1078,CATGTC
1079,CATTAA
1080,CATTAC
1081,CATTAG
1082,CATTCA
1083,CATTCC
1084,CATTCG
1085,CATTGA
1086,CATTGC
1087,CATTGG
1088,CATTTA
1089,CATTTC
1090,CCAAAA
1091,CCAAAC
1092,CCAAAG
1093,CCAACA
1094,CCAACC
1095,CCAACG
1096,CCAAGA
1097,CCAAGC
1098,CCAAGG
1099,CCAATA
1100,CCAATC
1101,CCACAA
1102,CCACAC
1103,CCACAG
1104,CCACCA
1105,CCACCC
1106,CCACCG
1107,CCACGA
1108,CCACGC
1109,CCACGG
1110,CCACTA
1111,CCACTC
1112,CCAGAA
1113,CCAGAC
1114,CCAGAG
1115,CCAGCA
1116,CCAGCC
1117,CCAGCG
1118,CCAGGA
1119,CCAGGC
1120,CCAGGG
1121,CCAGTA
1122,CCAGTC
1123,CCATAA
1124,CCATAC
1125,CCATAG
1126,CCATCA
1127,CCATCC
1128,CCATCG
1129,CCATGA
1130,CCATGC
1131,CCATGG
1132,CCATTA
1133,CCATTC
1134,CCCAAA
1135,CCCAAC
1136,CCCAAG
1137,CCCACA
1138,CCCACC
1139,CCCACG
1140,CCCAGA
1141,CCCAGC
1142,CCCAGG
1143,CCCATA
1144,CCCATC
1145,CCCCAA
1146,CCCCAC
1147,CCCCAG
1148,CCCCCA
1149,CCCCCC
1150,CCCCCG
1151,CCCCGA
1152,CCCCGC
1153,CCCCGG
1154,CCCCTA
1155,CCCCTC
1156,CCCGAA
1157,CCCGAC
1158,CCCGAG
1159,CCCGCA
1160,CCCGCC
1161,CCCGCG
1162,CCCGGA
1163,CCCGGC
1164,CCCGGG
1165,CCCGTA
1166,CCCGTC
1167,CCCTAA
1168,CCCTAC
1169,CCCTAG
1170,CCCTCA
1171,CCCTCC
1172,CCCTCG
1173,CCCTGA
1174,CCCTGC
1175,CCCTTA
1176,CCCTTC
1177,CCGAAA
1178,CCGAAC
1179,CCGAAG
1180,CCGACA
1181,CCGACC
1182,CCGACG
1183,CCGAGA
1184,CCGAGC
1185,CCGAGG
1186,CCGATA
1187,CCGATC
1188,CCGCAA
1189,CCGCAC
1190,CCGCAG
1191,CCGCCA
1192,CCGCCC
1193,CCGCCG
1194,CCGCGA
1195,CCGCGC
1196,CCGCGG
1197,CCGCTA
1198,CCGCTC
1199,CCGGAA
1200,CCGGAC
1201,CCGGAG
1202,CCGGCA
1203,CCGGCC
1204,CCGGCG
1205,CCGGGA
1206,CCGGGC
1207,CCGGTA
1208,CCGGTC
1209,CCGTAA
1210,CCGTAC
1211,CCGTAG
1212,CCGTCA
1213,CCGTCC
1214,CCGTCG
1215,CCGTGA
1216,CCGTGC
1217,CCGTTA
1218,CCGTTC
1219,CCTAAA
1220,CCTAAC
1221,CCTAAG
1222,CCTACA
1223,CCTACC
1224,CCTACG
1225,CCTAGA
1226,CCTAGC
1227,CCTAGG
1228,CCTATA
1229,CCTATC
1230,CCTCAA
1231,CCTCAC
1232,CCTCAG
1233,CCTCCA
1234,CCTCCC
1235,CCTCCG
1236,CCTCGA
1237,CCTCGC
1238,CCTCTA
1239,CCTCTC
1240,CCTGAA
1241,CCTGAC
1242,CCTGAG
1243,CCTGCA
1244,CCTGCC
1245,CCTGCG
1246,CCTGGA
1247,CCTGGC
1248,CCTGTA
1249,CCTGTC
1250,CCTTAA
1251,CCTTAC
1252,CCTTAG
1253,CCTTCA
1254,CCTTCC
1255,CCTTCG
1256,CCTTGA
1257,CCTTGC
1258,CCTTTA
1259,CCTTTC
1260,CGAAAA
1261,CGAAAC
1262,CGAAAG
1263,CGAACA
1264,CGAACC
1265,CGAACG
1266,CGAAGA
1267,CGAAGC
1268,CGAATA
1269,CGAATC
1270,CGACAA
1271,CGACAC
1272,CGACAG
1273,CGACCA
1274,CGACCC
1275,CGACCG
1276,CGACGA
1277,CGACGC
1278,CGACTA
1279,CGACTC
1280,CGAGAA
1281,CGAGAC
1282,CGAGAG
1283,CGAGCA
1284,CGAGCC
1285,CGAGCG
1286,CGAGGA
1287,CGAGGC
1288,CGAGTA
1289,CGAGTC
1290,CGATAA
1291,CGATAC
1292,CGATAG
1293,CGATCA
1294,CGATCC
1295,CGATCG
1296,CGATGA
1297,CGATGC
1298,CGATTA
1299,CGATTC
1300,CGCAAA
1301,CGCAAC
1302,CGCAAG
1303,CGCACA
1304,CGCACC
1305,CGCACG
1306,CGCAGA
1307,CGCAGC
1308,CGCATA
1309,CGCATC
1310,CGCCAA
1311,CGCCAC
1312,CGCCAG
1313,CGCCCA
1314,CGCCCC
1315,CGCCCG
1316,CGCCGA
1317,CGCCGC
1318,CGCCTA
1319,CGCCTC
1320,CGCGAA
1321,CGCGAC
1322,CGCGAG
1323,CGCGCA
1324,CGCGCC
1325,CGCGCG
1326,CGCGGA
1327,CGCGGC
1328,CGCGTA
1329,CGCGTC
1330,CGCTAA
1331,CGCTAC
1332,CGCTAG
1333,CGCTCA
1334,CGCTCC
1335,CGCTGA
1336,CGCTGC
1337,CGCTTA
1338,CGCTTC
1339,CGGAAA
1340,CGGAAC
1341,CGGAAG
1342,CGGACA
1343,CGGACC
1344,CGGACG
1345,CGGAGA
1346,CGGAGC
1347,CGGATA
1348,CGGATC
1349,CGGCAA
1350,CGGCAC
1351,CGGCAG
1352,CGGCCA
1353,CGGCCC
1354,CGGCCG
1355,CGGCGA
1356,CGGCGC
1357,CGGCTA
1358,CGGCTC
1359,CGGGAA
1360,CGGGAC
1361,CGGGAG
1362,CGGGCA
1363,CGGGCC
1364,CGGGGA
1365,CGGGGC
1366,CGGGTA
1367,CGGGTC
1368,CGGTAA
1369,CGGTAC
1370,CGGTAG
1371,CGGTCA
1372,CGGTCC
1373,CGGTGA
1374,CGGTGC
1375,CGGTTA
1376,CGGTTC
1377,CGTAAA
1378,CGTAAC
1379,CGTAAG
1380,CGTACA
1381,CGTACC
1382,CGTACG
1383,CGTAGA
1384,CGTAGC
1385,CGTATA
1386,CGTATC
1387,CGTCAA
1388,CGTCAC
1389,CGTCAG
1390,CGTCCA
1391,CGTCCC
1392,CGTCGA
1393,CGTCGC
1394,CGTCTA
1395,CGTCTC
1396,CGTGAA
1397,CGTGAC
1398,CGTGAG
1399,CGTGCA
1400,CGTGCC
1401,CGTGGA
1402,CGTGGC
1403,CGTGTA
1404,CGTGTC
1405,CGTTAA
1406,CGTTAC
1407,CGTTAG
1408,CGTTCA
1409,CGTTCC
1410,CGTTGA
1411,CGTTGC
1412,CGTTTA
1413,CGTTTC
1414,CTAAAA
1415,CTAAAC
1416,CTAAAG
1417,CTAACA
1418,CTAACC
1419,CTAAGA
1420,CTAAGC
1421,CTAATA
1422,CTAATC
1423,CTACAA
1424,CTACAC
1425,CTACAG
1426,CTACCA
1427,CTACCC
1428,CTACGA
1429,CTACGC
1430,CTACTA
1431,CTACTC
1432,CTAGAA
1433,CTAGAC
1434,CTAGAG
1435,CTAGCA
1436,CTAGCC
1437,CTAGGA
1438,CTAGGC
1439,CTAGTA
1440,CTAGTC
1441,CTATAA
1442,CTATAC
1443,CTATAG
1444,CTATCA
1445,CTATCC
1446,CTATGA
1447,CTATGC
1448,CTATTA
1449,CTATTC
1450,CTCAAA
1451,CTCAAC
1452,CTCAAG
1453,CTCACA
1454,CTCACC
1455,CTCAGA
1456,CTCAGC
1457,CTCATA
1458,CTCATC
1459,CTCCAA
1460,CTCCAC
1461,CTCCAG
1462,CTCCCA
1463,CTCCCC
1464,CTCCGA
1465,CTCCGC
1466,CTCCTA
1467,CTCCTC
1468,CTCGAA
1469,CTCGAC
1470,CTCGAG
1471,CTCGCA
1472,CTCGCC
1473,CTCGGA
1474,CTCGGC
1475,CTCGTA
1476,CTCGTC
1477,CTCTAA
1478,CTCTAC
1479,CTCTCA
1480,CTCTCC
1481,CTCTGA
1482,CTCTGC
1483,CTCTTA
1484,CTCTTC
1485,CTGAAA
1486,CTGAAC
1487,CTGAAG
1488,CTGACA
1489,CTGACC
1490,CTGAGA
1491,CTGAGC
1492,CTGATA
1493,CTGATC
1494,CTGCAA
1495,CTGCAC
1496,CTGCAG
1497,CTGCCA
1498,CTGCCC
1499,CTGCGA
1500,CTGCGC
1501,CTGCTA
1502,CTGCTC
1503,CTGGAA
1504,CTGGAC
1505,CTGGCA
1506,CTGGCC
1507,CTGGGA
1508,CTGGGC
1509,CTGGTA
1510,CTGGTC
1511,CTGTAA
1512,CTGTAC
1513,CTGTCA
1514,CTGTCC
1515,CTGTGA
1516,CTGTGC
1517,CTGTTA
1518,CTGTTC
1519,CTTAAA
1520,CTTAAC
1521,CTTAAG
1522,CTTACA
1523,CTTACC
1524,CTTAGA
1525,CTTAGC
1526,CTTATA
1527,CTTATC
1528,CTTCAA
1529,CTTCAC
1530,CTTCCA
1531,CTTCCC
1532,CTTCGA
1533,CTTCGC
1534,CTTCTA
1535,CTTCTC
1536,CTTGAA
1537,CTTGAC
1538,CTTGCA
1539,CTTGCC
1540,CTTGGA
1541,CTTGGC
1542,CTTGTA
1543,CTTGTC
1544,CTTTAA
1545,CTTTAC
1546,CTTTCA
1547,CTTTCC
1548,CTTTGA
1549,CTTTGC
1550,CTTTTA
1551,CTTTTC
1552,GAAAAA
1553,GAAAAC
1554,GAAACA
1555,GAAACC
1556,GAAAGA
1557,GAAAGC
1558,GAAATA
1559,GAAATC
1560,GAACAA
1561,GAACAC
1562,GAACCA
1563,GAACCC
1564,GAACGA
1565,GAACGC
1566,GAACTA
1567,GAACTC
1568,GAAGAA
1569,GAAGAC
1570,GAAGCA
1571,GAAGCC
1572,GAAGGA
1573,GAAGGC
1574,GAAGTA
1575,GAAGTC
1576,GAATAA
1577,GAATAC
1578,GAATCA
1579,GAATCC
1580,GAATGA
1581,GAATGC
1582,GAATTA
1583,GAATTC
1584,GACAAA
1585,GACAAC
1586,GACACA
1587,GACACC
1588,GACAGA
1589,GACAGC
1590,GACATA
1591,GACATC
1592,GACCAA
1593,GACCAC
1594,GACCCA
1595,GACCCC
1596,GACCGA
1597,GACCGC
1598,GACCTA
1599,GACCTC
1600,GACGAA
1601,GACGAC
1602,GACGCA
1603,GACGCC
1604,GACGGA
1605,GACGGC
1606,GACGTA
1607,GACGTC
1608,GACTAA
1609,GACTAC
1610,GACTCA
1611,GACTCC
1612,GACTGA
1613,GACTGC
1614,GACTTA
1615,GAGAAA
1616,GAGAAC
1617,GAGACA
1618,GAGACC
1619,GAGAGA
1620,GAGAGC
1621,GAGATA
1622,GAGATC
1623,GAGCAA
1624,GAGCAC
1625,GAGCCA
1626,GAGCCC
1627,GAGCGA
1628,GAGCGC
1629,GAGCTA
1630,GAGCTC
1631,GAGGAA
1632,GAGGAC
1633,GAGGCA
1634,GAGGCC
1635,GAGGGA
1636,GAGGGC
1637,GAGGTA
1638,GAGTAA
1639,GAGTAC
1640,GAGTCA
1641,GAGTCC
1642,GAGTGA
1643,GAGTGC
1644,GAGTTA
1645,GATAAA
1646,GATAAC
1647,GATACA
1648,GATACC
1649,GATAGA
1650,GATAGC
1651,GATATA
1652,GATATC
1653,GATCAA
1654,GATCAC
1655,GATCCA
1656,GATCCC
1657,GATCGA
1658,GATCGC
1659,GATCTA
1660,GATGAA
1661,GATGAC
1662,GATGCA
1663,GATGCC
1664,GATGGA
1665,GATGGC
1666,GATGTA
1667,GATTAA
1668,GATTAC
1669,GATTCA
1670,GATTCC
1671,GATTGA
1672,GATTGC
1673,GATTTA
1674,GCAAAA
1675,GCAAAC
1676,GCAACA
1677,GCAACC
1678,GCAAGA
1679,GCAAGC
1680,GCAATA
1681,GCACAA
1682,GCACAC
1683,GCACCA
1684,GCACCC
1685,GCACGA
1686,GCACGC
1687,GCACTA
1688,GCAGAA
1689,GCAGAC
1690,GCAGCA
1691,GCAGCC
1692,GCAGGA
1693,GCAGGC
1694,GCAGTA
1695,GCATAA
1696,GCATAC
1697,GCATCA
1698,GCATCC
1699,GCATGA
1700,GCATGC
1701,GCATTA
1702,GCCAAA
1703,GCCAAC
1704,GCCACA
1705,GCCACC
1706,GCCAGA
1707,GCCAGC
1708,GCCATA
1709,GCCCAA
1710,GCCCAC
1711,GCCCCA
1712,GCCCCC
1713,GCCCGA
1714,GCCCGC
1715,GCCCTA
1716,GCCGAA
1717,GCCGAC
1718,GCCGCA
1719,GCCGCC
1720,GCCGGA
1721,GCCGGC
1722,GCCGTA
1723,GCCTAA
1724,GCCTAC
1725,GCCTCA
1726,GCCTCC
1727,GCCTGA
1728,GCCTTA
1729,GCGAAA
1730,GCGAAC
1731,GCGACA
1732,GCGACC
1733,GCGAGA
1734,GCGAGC
1735,GCGATA
1736,GCGCAA
1737,GCGCAC
1738,GCGCCA
1739,GCGCCC
1740,GCGCGA
1741,GCGCGC
1742,GCGCTA
1743,GCGGAA
1744,GCGGAC
1745,GCGGCA
1746,GCGGCC
1747,GCGGGA
1748,GCGGTA
1749,GCGTAA
1750,GCGTAC
1751,GCGTCA
1752,GCGTCC
1753,GCGTGA
1754,GCGTTA
1755,GCTAAA
1756,GCTAAC
1757,GCTACA
1758,GCTACC
1759,GCTAGA
1760,GCTAGC
1761,GCTATA
1762,GCTCAA
1763,GCTCAC
1764,GCTCCA
1765,GCTCCC
1766,GCTCGA
1767,GCTCTA
1768,GCTGAA
1769,GCTGAC
1770,GCTGCA
1771,GCTGCC
1772,GCTGGA
1773,GCTGTA
1774,GCTTAA
1775,GCTTAC
1776,GCTTCA
1777,GCTTCC
1778,GCTTGA
1779,GCTTTA
1780,GGAAAA
1781,GGAAAC
1782,GGAACA
1783,GGAACC
1784,GGAAGA
1785,GGAATA
1786,GGACAA
1787,GGACAC
1788,GGACCA
1789,GGACCC
1790,GGACGA
1791,GGACTA
1792,GGAGAA
1793,GGAGAC
1794,GGAGCA
1795,GGAGCC
1796,GGAGGA
1797,GGAGTA
1798,GGATAA
1799,GGATAC
1800,GGATCA
1801,GGATCC
1802,GGATGA
1803,GGATTA
1804,GGCAAA
1805,GGCAAC
1806,GGCACA
1807,GGCACC
1808,GGCAGA
1809,GGCATA
1810,GGCCAA
1811,GGCCAC
1812,GGCCCA
1813,GGCCCC
1814,GGCCGA
1815,GGCCTA
1816,GGCGAA
1817,GGCGAC
1818,GGCGCA
1819,GGCGCC
1820,GGCGGA
1821,GGCGTA
1822,GGCTAA
1823,GGCTAC
1824,GGCTCA
1825,GGCTGA
1826,GGCTTA
1827,GGGAAA
1828,GGGAAC
1829,GGGACA
1830,GGGACC
1831,GGGAGA
1832,GGGATA
1833,GGGCAA
1834,GGGCAC
1835,GGGCCA
1836,GGGCCC
1837,GGGCGA
1838,GGGCTA
1839,GGGGAA
1840,GGGGAC
1841,GGGGCA
1842,GGGGGA
1843,GGGGTA
1844,GGGTAA
1845,GGGTAC
1846,GGGTCA
1847,GGGTGA
1848,GGGTTA
1849,GGTAAA
1850,GGTAAC
1851,GGTACA
1852,GGTACC
1853,GGTAGA
1854,GGTATA
1855,GGTCAA
1856,GGTCAC
1857,GGTCCA
1858,GGTCGA
1859,GGTCTA
1860,GGTGAA
1861,GGTGAC
1862,GGTGCA
1863,GGTGGA
1864,GGTGTA
1865,GGTTAA
1866,GGTTAC
1867,GGTTCA
1868,GGTTGA
1869,GGTTTA
1870,GTAAAA
1871,GTAAAC
1872,GTAACA
1873,GTAAGA
1874,GTAATA
1875,GTACAA
1876,GTACAC
1877,GTACCA
1878,GTACGA
1879,GTACTA
1880,GTAGAA
1881,GTAGAC
1882,GTAGCA
1883,GTAGGA
1884,GTAGTA
1885,GTATAA
1886,GTATAC
1887,GTATCA
1888,GTATGA
1889,GTATTA
1890,GTCAAA
1891,GTCAAC
1892,GTCACA
1893,GTCAGA
1894,GTCATA
1895,GTCCAA
1896,GTCCAC
1897,GTCCCA
1898,GTCCGA
1899,GTCCTA
1900,GTCGAA
1901,GTCGAC
1902,GTCGCA
1903,GTCGGA
1904,GTCGTA
1905,GTCTAA
1906,GTCTCA
1907,GTCTGA
1908,GTCTTA
1909,GTGAAA
1910,GTGAAC
1911,GTGACA
1912,GTGAGA
1913,GTGATA
1914,GTGCAA
1915,GTGCAC
1916,GTGCCA
1917,GTGCGA
1918,GTGCTA
1919,GTGGAA
1920,GTGGCA
1921,GTGGGA
1922,GTGGTA
1923,GTGTAA
1924,GTGTCA
1925,GTGTGA
1926,GTGTTA
1927,GTTAAA
1928,GTTAAC
1929,GTTACA
1930,GTTAGA
1931,GTTATA
1932,GTTCAA
1933,GTTCCA
1934,GTTCGA
1935,GTTCTA
1936,GTTGAA
1937,GTTGCA
1938,GTTGGA
1939,GTTGTA
1940,GTTTAA
1941,GTTTCA
1942,GTTTGA
1943,GTTTTA
1944,TAAAAA
1945,TAAACA
1946,TAAAGA
1947,TAAATA
1948,TAACAA
1949,TAACCA
1950,TAACGA
1951,TAACTA
1952,TAAGAA
1953,TAAGCA
1954,TAAGGA
1955,TAAGTA
1956,TAATAA
1957,TAATCA
1958,TAATGA
1959,TAATTA
1960,TACAAA
1961,TACACA
1962,TACAGA
1963,TACATA
1964,TACCAA
1965,TACCCA
1966,TACCGA
1967,TACCTA
1968,TACGAA
1969,TACGCA
1970,TACGGA
1971,TACGTA
1972,TACTAA
1973,TACTCA
1974,TACTGA
1975,TAGAAA
1976,TAGACA
1977,TAGAGA
1978,TAGATA
1979,TAGCAA
1980,TAGCCA
1981,TAGCGA
1982,TAGCTA
1983,TAGGAA
1984,TAGGCA
1985,TAGGGA
1986,TAGTAA
1987,TAGTCA
1988,TAGTGA
1989,TATAAA
1990,TATACA
1991,TATAGA
1992,TATATA
1993,TATCAA
1994,TATCCA
1995,TATCGA
1996,TATGAA
1997,TATGCA
1998,TATGGA
1999,TATTAA
2000,TATTCA
2001,TATTGA
2002,TCAAAA
2003,TCAACA
2004,TCAAGA
2005,TCACAA
2006,TCACCA
2007,TCACGA
2008,TCAGAA
2009,TCAGCA
2010,TCAGGA
2011,TCATAA
2012,TCATCA
2013,TCATGA
2014,TCCAAA
2015,TCCACA
2016,TCCAGA
2017,TCCCAA
2018,TCCCCA
2019,TCCCGA
2020,TCCGAA
2021,TCCGCA
2022,TCCGGA
2023,TCCTAA
2024,TCCTCA
2025,TCGAAA
2026,TCGACA
2027,TCGAGA
2028,TCGCAA
2029,TCGCCA
2030,TCGCGA
2031,TCGGAA
2032,TCGGCA
2033,TCGTAA
2034,TCGTCA
2035,TCTAAA
2036,TCTACA
2037,TCTAGA
2038,TCTCAA
2039,TCTCCA
2040,TCTGAA
2041,TCTGCA
2042,TCTTAA
2043,TCTTCA
2044,TGAAAA
2045,TGAACA
2046,TGACAA
2047,TGACCA
2048,TGAGAA
2049,TGAGCA
2050,TGATAA
2051,TGATCA
2052,TGCAAA
2053,TGCACA
2054,TGCCAA
2055,TGCCCA
2056,TGCGAA
2057,TGCGCA
2058,TGCTAA
2059,TGGAAA
2060,TGGACA
2061,TGGCAA
2062,TGGCCA
2063,TGGGAA
2064,TGGTAA
2065,TGTAAA
2066,TGTACA
2067,TGTCAA
2068,TGTGAA
2069,TGTTAA
2070,TTAAAA
2071,TTACAA
2072,TTAGAA
2073,TTATAA
2074,TTCAAA
2075,TTCCAA
2076,TTCGAA
2077,TTGAAA
2078,TTGCAA
2079,TTTAAA
